ITEM CODE,ITEM DESCRIPTION, QTY STORAGE  ,EXP DATE ,,,,
DMDON001151,(DON) CARBAMAZEPINE 200MG TABLET ,"  3,950 ",Feb-27,,,,
DMDON000506,(DON) GABAPENTIN 300MG CAPSULE,"  2,000 ",Jan-27,,,,
DMDON000808,(DON) OSELTAMIVIR PHOSPHATE 75MG CAPSULE,"  1,700 ",Apr-29,,,,
DMDON000909,(DON) PRAZIQUANTEL 600MG TABLET (AVAILABLE UNDER DOH PROGRAM),  300 ,Jun-27,,,,
DMR000023,ACETYLCYSTEINE 600MG EFFERVESCENT TABLET,  740 ,Feb-28,,,,
DMR000029,ACICLOVIR 400MG TABLET,  990 ,Feb-28,,,,
DMR000030,ACICLOVIR 800MG TABLET,  500 ,Apr-28,,,,
DMR000060,AMLODIPINE BESILATE 10MG TABLET,"  23,800 ",Jan-29,,,,
DMR000061,AMLODIPINE BESILATE 5MG TABLET,"  14,300 ",Jan-29,,,,
DMR000066,AMOXICILLIN TRIHYDRATE 500MG CAPSULE,"  2,100 ",Dec-27,,,,
DMR000079,APIXABAN 2.5MG TABLET,  300 ,Jun-27,,,,
DMR000088,ASCORBIC ACID 500MG TABLET,"  34,200 ",Feb-29,,,,
DMR000099,ASPIRIN 80MG TABLET,"  2,300 ",Feb-28,,,,
DMR000113,AZITHROMYCIN DIHYDRATE 500MG TABLET,"  1,320 ",Apr-27,,,,
DMR000129,BETAHISTINE HYDROCHLORIDE 16MG TABLET,  360 ,Jun-28,,,,
DMR000130,BETAHISTINE HYDROCHLORIDE 24MG TABLET,  810 ,Apr-28,,,,
DMR000138,BISACODYL 10MG (ADULT) SUPPOSITORY,  300 ,Oct-27,,,,
DMR000148,BUDESONIDE + FORMOTEROL FUMARATE DIHYDRATE (160 MICROGRAMS BUDESONIDE + 4.5 MICROGRAMS FORMOTEROL) X 60 DOSES WITH APPROPRIATE ACCOMPANYING DISPENSER,  88 ,Feb-28,,,,
DMR000150,BUDESONIDE 200MCG/DOSE X 200 DOSES DPI,  90 ,Nov-27,,,,
DMR000151    ,"BUDESONIDE 250MCG/ML,2ML RESPIRATORY SOLUTION FOR NEBULIZATION",  425 ,Jul-27,,,,
DMR000198,CARVEDILOL 25MG TABLET,"  5,100 ",Dec-28,,,,
DMR000205,CEFALEXIN MONOHYDRATE 500MG CAPSULE,  500 ,Apr-29,,,,
DMR000212,CEFIXIME 200MG CAPSULE ,  500 ,Feb-29,,,,
DMR000229,CEFUROXIME AXETIL 500MG TABLET,"  4,560 ",Feb-28,,,,
DMR000234,CELECOXIB 200MG CAPSULE,  480 ,Oct-28,,,,
DMR000237,CETIRIZINE DIHYDROCHLORIDE 10MG TABLET,"  8,000 ",Aug-28,,,,
DMR000255,CICLOSPORIN 100MG CAPSULE,  300 ,Apr-28,,,,
DMR000258,CICLOSPORIN 25MG CAPSULE,  500 ,May-28,,,,
DMR000283,CLINDAMYCIN HYDROCHLORIDE 300MG CAPSULE,"  2,400 ",Mar-28,,,,
DMR000293,CLONIDINE HYDROCHLORIDE 75MCG TABLET,"  3,000 ",Mar-28,,,,
DMR000294,CLOPIDOGREL 75 MG TABLET,"  3,000 ",Feb-28,,,,
DMR000300,CLOXACILLIN SODIUM 500MG CAPSULE,  600 ,Feb-29,,,,
DMR000301,CLOZAPINE 100 MG TABLET,"  1,450 ",Sep-28,,,,
DMR000303,CO-AMOXICLAV (AMOXICILLIN + POTASSIUM CLAVULANATE) 875MG AMOXICILLIN TRIHYDRATE + 125MG POTASSIUM CLAVULANATE TABLET,  500 ,Feb-28,,,,
DMR000306,CO-AMOXICLAV (AMOXICILLIN+POTASSIUM CLAVULANATE) 500 MG AMOXICILLIN TRIHYDRATE + 125 MG POTASSIUM CLAVULANATE PER TABLET,"  3,450 ",Apr-28,,,,
DMR000319,COTRIMOXAZOLE (SULFAMETHOXAZOLE + TRIMETHOPRIM) 800 MG SULFAMETHOXAZOLE + 160 MG TRIMETHOPRIM TABLET,"  2,700 ",Jan-30,,,,
DMR000333,DAPAGLIFLOZIN 10MG TABLET,"  8,700 ",Feb-28,,,,
DMR000340,DEXAMETHASONE 4MG TABLET,"  10,500 ",Oct-28,,,,
DMR000352,DICLOFENAC SODIUM 50MG TABLET/CAPSULE/ENTERIC COATED TABLET/MR TABLET,  400 ,Jan-27,,,,
DMR000352,DICLOFENAC SODIUM 50MG TABLET/CAPSULE/ENTERIC COATED TABLET/MR TABLET,  100 ,Feb-27,,,,
DMR000360,DIGOXIN 250MCG TABLET,  200 ,Nov-28,,,,
DMR000363,"DIGOXIN 50MCG/ML ELIXIR, 60ML BOTTLE",  24 ,Jul-28,,,,
DMR000363,"DIGOXIN 50MCG/ML ELIXIR, 60ML BOTTLE",  33 ,Mar-27,,,,
DMR000394,DOXYCYCLINE HYCLATE 100MG CAPSULE,"  6,200 ",Mar-28,,,,
DMR000422,ESCITALOPRAM 10 MG TABLET,  600 ,Mar-26,,,,
DMR000450,FLUCONAZOLE 150MG CAPSULE,  160 ,Jun-27,,,,
DMR000451,FLUCONAZOLE 200MG CAPSULE,  200 ,Jun-28,,,,
DMR000451,FLUCONAZOLE 200MG CAPSULE,"  2,000 ",Apr-29,,,,
DMR000505,GABAPENTIN 100MG CAPSULE,"  2,100 ",Oct-28,,,,
DMR000506,GABAPENTIN 300MG CAPSULE,  910 ,Apr-27,,,,
DMR000548,HYOSCINE N-BUTYL BROMIDE 10MG TABLET,  900 ,Sep-28,,,,
DMR000562,INDACATEROL MALEATE + GLYCOPYRRONIUM BROMIDE 110 MCG + 50 MCG INHALATION POWDER IN HARD CAPSULES,  11 ,Dec-27,,,,
DMR000589,IRBESARTAN + HYDROCHLOROTHIAZIDE 150MG IRBESARTAN + 12.5MG HYDROCHLOROTHIAZIDE TABLET,"  1,110 ",Aug-27,,,,
DMR000590,IRBESARTAN 150MG TABLET,  900 ,Apr-29,,,,
DMR000607,ISOXSUPRINE HYDROCHLORIDE 10MG TABLET,  700 ,Jun-27,,,,
DMR000634,LEVETIRACETAM 250MG FILM COATED TABLET,  600 ,Aug-27,,,,
DMR000644,LEVOFLOXACIN 500MG TABLET,  100 ,Jul-28,,,,
DMR000660,LINEZOLID 600MG TABLET/FILM-COATED TABLET,  720 ,Aug-28,,,,
DMR000673,LORATIDINE 10MG TABLET/FILM COATED TABLET,  400 ,Aug-28,,,,
DMR000689,MEFENAMIC ACID 500MG CAPSULE/TABLET,"  11,200 ",Oct-28,,,,
DMR000700,METHIMAZOLE (THIAMAZOLE) 5MG TABLET,"  1,400 ",Jun-29,,,,
DMR000722,METRONIDAZOLE 500MG TABLET,  570 ,Nov-27,,,,
DMR000740,MONTELUKAST SODIUM 10MG TABLET,"  1,200 ",May-28,,,,
DMR000741,MONTELUKAST SODIUM 4MG CHEWABLE TABLET,  30 ,Feb-27,,,,2026
DMR000751,MULTIVITAMINS ADULTS CAPSULE/TABLET,"  5,200 ",Dec-27,,,,2027
DMR000751,MULTIVITAMINS ADULTS CAPSULE/TABLET,"  10,000 ",May-28,,,,
DMR000780,NIFEDIPINE 10MG CAPSULE,"  1,300 ",Sep-27,,,,2028
DMR000798,OLANZAPINE 10MG TABLET,"  1,200 ",Jan-28,,,,2029
DMR000799,OMEPRAZOLE 20MG CAPSULE,"  1,500 ",Oct-28,,,,2030
DMR000806,ORAL REHYDRATION SALTS (ORS-75 REPLACEMENT) 20.5G SACHET,  420 ,Feb-29,,,,
DMR000844,PARACETAMOL 250MG SUPPOSITORY,  650 ,Feb-27,,,,
DMR000846,PARACETAMOL 500MG TABLET,"  9,000 ",Aug-29,,,,
DMR000877,PHENOXYMETHYL PENICILIN 250MG TABLET/CAPSULE,"  1,200 ",Aug-28,,,,
DMR000905,POTASSIUM CHLORIDE 600MG TABLET,"  3,400 ",Aug-28,,,,
DMR000937,QUETIAPINE FUMARATE 25MG TABLET,  370 ,Jul-28,,,,
DMR000966,RISPERIDONE 2MG TABLET,"  1,800 ",Nov-27,,,,
DMR000973,ROSUVASTATIN CALCIUM 10MG TABLET,"  4,400 ",Nov-28,,,,
DMR000975,ROSUVASTATIN CALCIUM 20MG TABLET,"  4,400 ",Mar-28,,,,
DMR000976,SACUBITRIL/VALSARTAN 100MG TABLET,  560 ,Oct-28,,,,
DMR000977,SACUBITRIL/VALSARTAN 200MG TABLET,  588 ,Mar-29,,,,
DMR000978,SACUBITRIL/VALSARTAN 50MG TABLET,"  2,856 ",Nov-28,,,,
DMR000981,SALBUTAMOL SULFATE MDI 100MCG/DOSE X 200 ACTUATIONS,  100 ,Oct-26,,,,
DMR000986,SEVELAMER CARBONATE 800MG TABLET,"  2,550 ",Oct-28,,,,
DMR000998,SODIUM BICARBONATE 325MG TABLET,"  6,000 ",Mar-30,,,,
DMR001000,SODIUM BICARBONATE 650 MG TABLET,"  21,600 ",Oct-30,,,,
DMR001008,SPIRONOLACTONE 25MG TABLET,"  4,740 ",Oct-28,,,,
DMR001011,SPIRONOLACTONE 50MG TABLET,  600 ,Jul-28,,,,
DMR001022,SUCRALFATE 1G TABLET,  200 ,Apr-28,,,,
DMR001057,TOLVAPTAN 15MG TABLET,  550 ,Feb-28,,,,
DMR001074,TRIMETAZIDINE HYDROCHLORIDE 35MG TABLET,"  5,370 ",Feb-28,,,,
DMR001095,VALGANCICLOVIR 450 MG TABLET,  100 ,Sep-27,,,,
DMR000378,DIVALPROEX SODIUM 250 MG TABLET,  170 ,Jul-27,,,,
DMR000379,DIVALPROEX SODIUM 500MG CONTROLLED RELEASE TABLET,  400 ,Jul-27,,,,
DMR001102,VALSARTAN 80MG TABLET/FILM COATED TABLET,"  1,200 ",Jun-28,,,,
DMR001114,VITAMIN B COMPLEX (VITAMIN B1 B6 B12) 100 MG B1 + 5 MG B6 + 50 MCG B12 TABLET/CAPSULE,"  5,900 ",Sep-28,,,,
DMR001119,WARFARIN SODIUM 2.5MG TABLET,  270 ,Jun-28,,,,
DMDON000652,(DON) LIDOCAINE HYDROCHLORIDE 2% (20MG/ML) 50ML AMPULE/VIAL (IM/IV),  36 ,May-28,,,,
DMDON000803,"(DON) ONDANSETRON 2MG/ML, 2ML AMPULE (IM,IV)",  1 ,Jun-28,,,,
DMCSP000002,"(DONCSP) CISPLATIN 1MG/ML, 50ML VIAL (IV)",  53 ,Feb-28,,,,
DMR000028,"ACICLOVIR 25MG/ML, 10ML VIAL (IV INFUSION)",  280 ,Mar-27,,,,
DMR000048,"AMIKACIN SULFATE 125MG/ML,2ML VIAL",  850 ,Oct-27,,,,
DMR000049,"AMIKACIN SULFATE 250MG/ML, 2ML AMPULE/VIAL (IM,IV)",  850 ,Jun-27,,,,
DMR000050,"AMIKACIN SULFATE 50MG/ML, 2ML AMPULE/VIAL (IM,IV)","  1,361 ",Oct-27,,,,
DMR000087,"ASCORBIC ACID 250MG/ML, 2ML AMPULE (IV)","  2,200 ",Mar-28,,,,
DMR000109,"ATROPINE SULFATE 1MG/ML, 1ML AMPULE (IM,IV,SC)",  320 ,Jun-28,,,,
DMR000112,"AZITHROMYCIN DIHYDRATE 500MG POWDER, VIAL (IV INFUSION)",  390 ,Mar-27,,,,
DMR000157,"BUPIVACAINE HYDROCHLORIDE 0.5% + 8% DEXTROSE, 4ML AMPULE","  2,300 ",Jan-27,,,,
DMR000157,"BUPIVACAINE HYDROCHLORIDE 0.5% + 8% DEXTROSE, 4ML AMPULE",  100 ,Feb-29,,,,
DMR000155,"BUPIVACAINE HYDROCHLORIDE 0.5%, 10ML AMPULE (ISOBARIC)",  200 ,Feb-27,,,,
DMR000159,"BUTORPHANOL TARTRATE 2MG/ML,1ML AMPULE/VIAL (IM,IV).",  300 ,May-27,,,,
DMR000168,"CALCIUM GLUCONATE 10%, 10ML VIAL/AMPULE (IV)",  200 ,Mar-28,,,,
DMR000209,"CEFEPIME HYDROCHLORIDE 2 G VIAL (IM,IV)",  200 ,Mar-28,,,,
DMR001128,"CLINDAMYCIN PHOSPHATE 150 MG/ML,2ML AMPULE/VIAL (IM,IV)",  725 ,Aug-27,,,,
DMR000328,"CYTARABINE 100MG/ML SOLUTION FOR INJECTION, 1ML VIAL/AMPULE",  260 ,Jan-27,,,,
DMR000380,"DOBUTAMINE HYDROCHLORIDE 50MG/ML, 5ML AMPULE (IV INFUSION)",  465 ,Apr-27,,,,
DMR000389,"DOPAMINE HYDROCHLORIDE 40MG/ML, 5ML VIAL/AMPULE (IV)",  300 ,Oct-27,,,,
DMR000401,"ENOXAPARIN SODIUM 100MG/ML, 0.4ML PRE‐FILLED SYRINGE (SC)",  320 ,Jul-27,,,,
DMR000411,"EPINEPHRINE HYDROCHLORIDE 1MG/ML, 1ML AMPULE (IV, IM,SC)","  3,600 ",Sep-28,,,,
DMR000489,"FUROSEMIDE 10MG/ML, 2ML AMPULE (IM,IV)","  7,000 ",Apr-29,,,,
DMR000511,"GADOTERIC ACID, 0.5 MMOL/ML SOLUTION FOR INJECTION, 10 ML VIAL",  200 ,Mar-28,,,,
DMR000522,"GOSERELIN ACETATE 3.6 MG DEPOT SOLUTION, PRE‐FILLED SYRINGE (SC)",  32 ,Oct-27,,,,
DMR000525,"HEPARIN SODIUM 5000IU/ML,5ML VIAL",  370 ,Apr-28,,,,
DMR000534,"HYDRALAZINE HYDROCHLORIDE 20MG/ML, 1ML AMPULE (IM,IV)",  16 ,Feb-28,,,,
DMR000541,HYDROCORTISONE SODIUM SUCCINATE POWDER 250MG VIAL (IV),  240 ,Apr-27,,,,
DMR000571,"IOHEXOL 300MG IODINE/ML, 100 ML VIAL",  26 ,May-28,,,,
DMR000573,"IOHEXOL 350MG IODINE/ML, 100 ML VIAL",  110 ,Jun-28,,,,
DMR000586,"IPRATROPIUM + SALBUTAMOL (500MCG IPRATROPIUM BROMIDE + 2.5MG SALBUTAMOL), 2.5ML NEBULE","  2,040 ",Jan-29,,,,
DMR000594,"IRON SUCROSE 20MG/ML, 5ML AMPULE",  75 ,Jul-28,,,,
DMR000595,ISOFLURANE INHALATION 100ML BOTTLE,  26 ,Jul-27,,,,
DMR000602,"ISOSORBIDE DINITRATE 1MG/ML, 10ML AMPULE (IV)",  70 ,Mar-28,,,,
DMR000630,"LEUPRORELINE ACETATE 11.25 MG DEPOT SOLUTION, VIAL WITH SYRINGE (IM, SC)",  60 ,Jan-27,,,,
DMR000631,"LEUPRORELINE ACETATE 3.75 MG/ 2 ML VIAL WITH SYRINGE (IM, SC) POWDER",  78 ,Aug-27,,,,
DMR000631,"LEUPRORELINE ACETATE 3.75 MG/ 2 ML VIAL WITH SYRINGE (IM, SC) POWDER",  100 ,Dec-27,,,,
DMR000637,"LEVETIRACETAM 500MG/5 ML (100 MG/ML) CONCENTRATE SOLUTION FOR IV INFUSION, 5 ML VIAL",  4 ,Dec-27,,,,
DMR000637,"LEVETIRACETAM 500MG/5 ML (100 MG/ML) CONCENTRATE SOLUTION FOR IV INFUSION, 5 ML VIAL",  150 ,Oct-28,,,,
DMR000643,"LEVOFLOXACIN (0.5% W/V), 5MG/ML, OPHTHALMIC SOLUTION",  419 ,Nov-27,,,,
DMR000643,"LEVOFLOXACIN (0.5% W/V), 5MG/ML, OPHTHALMIC SOLUTION",  216 ,Jan-29,,,,
DMR000675,LOSARTAN + HYDROCHLOROTHIAZIDE (50 MG LOSARTAN + 12.5 MG HYDROCHLOROTHIAZIDE) TABLET,  10 ,May-27,,,,
DMR000715,"METHYLPREDNISOLONE SODIUM SUCCINATE POWDER 1G/16ML + DILUENT VIAL (IM, IV, IV INFUSION)",  1 ,May-27,,,,
DMR000716,"METHYLPREDNISONLONE SODIUM SUCCINATE POWDER 500MG/8.0ML + DILUENT VIAL (IM, IV, IV INFUSION)",  150 ,Mar-28,,,,
DMR000787,"NOREPINEPHRINE BITARTRATE 1MG/ML, 2ML AMPULE (IV INFUSION)",  570 ,Jul-27,,,,
DMR000789,"NOREPINEPHRINE BITARTRATE 2MG/ML, 4ML AMPULE (8MG/4ML) SOLUTION FOR INJECTION",  50 ,Dec-27,,,,
DMR000803,"ONDANSETRON 2MG/ML, 2ML AMPULE (IM,IV)",  500 ,Apr-27,,,,
DMR000826,"OXYTOCIN 10 IU/ML, 1 ML AMPULE (IM,IV)",  600 ,Apr-27,,,,
DMR000830,"PACLITAXEL 6MG/ML, 25ML VIAL (IV, IV INFUSION)",  128 ,Jan-26,,,,
DMR000894,"PHYTOMENADIONE 10MG/ML ,1ML AMPULE (IM,IV,SC)",  500 ,Mar-27,,,,
DMR000894,"PHYTOMENADIONE 10MG/ML ,1ML AMPULE (IM,IV,SC)","  1,000 ",Nov-28,,,,
DMR000902,"POLYMYXIN B SULFATE 500,000 UNITS POWDER FOR SOLUTION FOR INJECTION (INTRATHECAL/IM/IV), 5ML VIAL","  1,750 ",Nov-28,,,,
DMR000904,"POTASSIUM CHLORIDE 2MEQ/ML, 20ML VIAL (IV INFUSION)",  500 ,Mar-29,,,,
DMR000925,PROPRANOLOL HYDROCHLORIDE 40MG TABLET,  28 ,Jul-26,,,,
DMR000948,RANITIDINE 300MG TABLET,  20 ,Feb-27,,,,
DMR000972,"ROPIVACAINE HYDROCHLORIDE 10MG/ML ,10ML AMPULE (IV)",  575 ,Nov-27,,,,
DMR000972,"ROPIVACAINE HYDROCHLORIDE 10MG/ML ,10ML AMPULE (IV)",  140 ,Dec-28,,,,
DMR001001,"SODIUM CHLORIDE 2.5MEQ/ML , 20ML VIAL",  380 ,Feb-27,,,,
DMR001023,"SUGAMMADEX 100MG/ML SOLUTION FOR INJECTION, 2ML VIAL (IV)",  4 ,Feb-28,,,,
DMR001023,"SUGAMMADEX 100MG/ML SOLUTION FOR INJECTION, 2ML VIAL (IV)","  1,100 ",Aug-28,,,,
DMR001066,"TRAMADOL HYDROCHLORIDE 50MG/ML,2ML AMPULE (IM,SC,IV)","  2,500 ",Aug-28,,,,
DMR001068,"TRANEXAMIC ACID 100MG/ML, 5ML AMPULE (IM,IV)","  3,000 ",Nov-27,,,,
DMR001068,"TRANEXAMIC ACID 100MG/ML, 5ML AMPULE (IM,IV)",  248 ,Aug-28,,,,
DMR001103,VANCOMYCIN HYDROCHLORIDE 1G VIAL (IV),  2 ,Apr-26,,,,
DMR001103,VANCOMYCIN HYDROCHLORIDE 1G VIAL (IV),  200 ,Dec-28,,,,
DMR001113,"VITAMIN B COMPLEX (IV) (VITAMIN B1 B6 B12) 100 MG B1 + 100 MG B6 + 1 MG B12, 3 ML AMPULE (IV)","  1,600 ",Dec-28,,,,
DMR001117,"VORICONAZOLE 200MG LYOPHILIZED POWDER FOR SOLUTION FOR IV INFUSION, 30ML VIAL",  152 ,Dec-28,,,,
DMC000861,(C) PHENOBARBITAL 15 MG TABLET,  200 ,May-27,,,,
DMC000868,(C) PHENOBARBITAL 30 MG TABLET,  100 ,Dec-27,,,,
DMC000871,(C) PHENOBARBITAL 60 MG TAB,  -   ,,,,,
DMC000873,(C) PHENOBARBITAL 90 MG TABLET,  100 ,Oct-29,,,,
DMDON001127,"(DON) OXYCODONE HYDROCHLORIDE 10MG/ML, 2ML AMPULE (IV INFUSION)",  2 ,Sep-27,,,,
DMCSP000004,"(DONCSP) FENTANYL CITRATE 50MCG/ML, 2ML AMPULE (IV) ","  1,870 ",Jan-29,,,,
DMR000348,"DIAZEPAM 5MG/ML, 2ML AMPULE (IM, IV)",  800 ,Oct-28,,,,
DMR000409,"EPHEDRINE SULFATE 30MG/ML, 1ML AMPULE (IM, IV)",  700 ,Nov-27,,,,
DMR000410,"EPHEDRINE SULFATE 50MG/ML, 1ML AMPULE (IM, IV)",  800 ,Apr-29,,,,
DMR000438,"FENTANYL CITRATE 50MCG/ML, 2ML AMPULE (IV)","  3,030 ",Jan-29,,,,
DMR000611,"KETAMINE HYDROCHLORIDE 50MG/ML, 10ML VIAL (IM/IV)","  1,090 ",Sep-27,,,,
DMR000730,"MIDAZOLAM 1MG/ML, 5ML AMPULE/VIAL (IM,IV)","  3,900 ",Aug-26,,,,
DMR000731,"MIDAZOLAM 5MG/ML, 1ML AMPULE (IM,IV)",  -   ,,,,,
DMR000732,"MIDAZOLAM 5MG/ML, 3ML AMPULE (IM,IV)",  970 ,Apr-27,,,,
DMR000746,MORPHINE SULFATE 10MG TABLET/CAPSULE,"  5,460 ",Feb-29,,,,
DMR000747,"MORPHINE SULFATE 10MG/ML, 1ML AMPULE (IM,IV,SC)","  2,204 ",Jul-28,,,,
DMR000764,"NALBUPHINE HYDROCHLORIDE 10MG/ML, 1ML AMPULE (IM, IV, SC)",  750 ,May-27,,,,
DMR000857,"PETHIDINE (MEPERIDINE) HYDROCHLORIDE 50MG/ML, 2ML AMPULE (IM, IV, SC)",  250 ,Aug-28,,,,
DMDON000412,(DON) EPIRUBICIN HCL 50MG VIAL CSPMAP,  80 ,Aug-27,,,,
DMR000074,ANASTRAZOLE 1MG FILM COATED TABLET,"  23,820 ",Mar-29,,,,
DMR000174,CAPECITABINE 500MG TABLET,"  23,900 ",Nov-27,,,,
DMR000192,"CARBOPLATIN 10MG/ML, 15 ML VIAL (IV)",  100 ,,,,,
DMR000192,"CARBOPLATIN 10MG/ML, 15 ML VIAL (IV)",  54 ,Jan-27,,,,
DMR000275,"CISPLATIN 1MG/ML, 50ML VIAL (IV)",  3 ,Feb-28,,,,
DMR000275,"CISPLATIN 1MG/ML, 50ML VIAL (IV)",  100 ,Apr-28,,,,
DMR000382,"DOCETAXEL ANHYDROUS 20MG/0.5 ML, 0.5ML VIAL (IV INFUSION)",  10 ,Apr-27,,,,
DMR000382,"DOCETAXEL ANHYDROUS 20MG/0.5 ML, 0.5ML VIAL (IV INFUSION)",  60 ,Aug-28,,,,
DMR000382,"DOCETAXEL ANHYDROUS 20MG/0.5 ML, 0.5ML VIAL (IV INFUSION)",  180 ,Apr-27,,,,
DMR000383,"DOCETAXEL ANHYDROUS 40MG/ML, 2ML (80MG/2ML) VIAL (IV INFUSION)",  230 ,May-27,,,,
DMR000412,EPIRUBICIN HYDROCHLORIDE POWDER 50MG VIAL (IV),  20 ,Oct-27,,,,
DMR000546,HYDROXYUREA 500MG CAPSULE,  700 ,Apr-29,,,,
DMR000557,IMATINIB 100MG TABLET,"  13,140 ",Apr-27,,,,
DMR000593,"IRINOTECAN HYDROCHLORIDE 40MG/2ML VIAL, CONCENTRATE, VIAL (IV INFUSION)",  514 ,Apr-27,,,,
DMR000628,LETROZOLE 2.5MG TABLET/FILM-COATED TABLET,"  18,200 ",May-27,,,,
DMR000628,LETROZOLE 2.5MG TABLET/FILM-COATED TABLET,"  20,000 ",May-27,,,,
DMR000696,"MESNA (SODIUM-2- MERCAPTOETHANESULPHONATE) 100MG/ML, 4ML AMPULE",  50 ,Dec-30,,,,
DMR001027,TAMOXIFEN CITRATE 20MG TABLET,"  1,230 ",Nov-28,,,,
DMR001027,TAMOXIFEN CITRATE 20MG TABLET,  90 ,Apr-29,,,,
DMR001027,TAMOXIFEN CITRATE 20MG TABLET,"  10,200 ",Nov-28,,,,
DMR001125,ZOLEDRONIC ACID (4MG/5ML CONCENTRATED SOLUTION FOR IV INFUSION) VIAL,  -   ,Oct-27,,,,
DMR000019  ,"ACETYLCYSTEINE 100MG/ML, 3ML AMPULE SOLUTION FOR INHALATION",  650 ,Mar-30,,,,
DMR000019  ,"ACETYLCYSTEINE 100MG/ML, 3ML AMPULE SOLUTION FOR INHALATION","  2,560 ",Mar-30,,,,
DMR000021,"ACETYLCYSTEINE 200 MG/ML, 25 ML BOTTLE (IV INFUSION)",  78 ,May-28,,,,
DMR000065,"AMOXICILLIN TRIHYDRATE 250MG/5ML GRANULES/POWDER FOR SUSPENSION, 60ML BOTTLE",  86 ,Mar-29,,,,
DMR000084,"ASCORBIC ACID 100MG/5ML SYRUP, 60ML BOTTLE",  70 ,Jun-27,,,,
DMR000110,"AZITHROMYCIN DIHYDRATE 200MG/5ML POWDER FOR SUSPENSION, 15ML BOTTLE",  50 ,Apr-28,,,,
DMR000236,"CETIRIZINE DIHYDROCHLORIDE 10 MG/ML DROPS, 10 ML BOTTLE",  10 ,Jul-27,,,,
DMR000239,CETIRIZINE DIHYDROCHLORIDE 1MG/ML SOLUTION 60 ML BOTTLE,  60 ,Aug-28,,,,
DMR000240,"CETIRIZINE DIHYDROCHLORIDE 2.5MG/ML SYRUP ORAL DROPS, 10ML BOTTLE",  80 ,Jun-27,,,,
DMR000241,"CETIRIZINE DIHYDROCHLORIDE 5MG/5ML SYRUP, 60 ML BOTTLE",  70 ,Feb-28,,,,
DMR000305,"CO-AMOXICLAV (AMOXICILLIN+POTASSIUM CLAVULANATE) 400 MG AMOXICILLIN TRIHYDRATE + 57 MG POTASSIUM CLAVULANATE PER 5 ML GRANULES/POWDER FOR SUSPENSION, 70 ML BOTTLE",  49 ,Feb-29,,,,
DMR000371,"DIPHENHYDRAMINE HYDROCHLORIDE 12.5MG/5ML SYRUP, 60ML BOTTLE",  39 ,Aug-27,,,,
DMR000533,HUMAN RECOMBINANT TISSUE TYPE PLASMINOGEN ACTIVATOR (ALTEPLASE) 50MG POWDER FOR IV INFUSION,  80 ,Jun-28,,,,
DMR000724,"METRONIDAZOLE BENZOATE 125MG/5ML, SUSPENSION 60ML BOTTLE",  35 ,Dec-27,,,,
DMR000750,"MOXIFLOXACIN HYDROCHLORIDE 5MG/ML (0.5% W/V) STERILE OPHTHALMIC SOLUTION, 5 ML BOTTLE",  150 ,Dec-27,,,,
DMR000754,"MULTIVITAMINS PER 5ML,60ML SYRUP BOTTLE",  146 ,Sep-27,,,,
DMR000760,MUPIROCIN OINTMENT 2% 5G TUBE,  360 ,Nov-28,,,,
DMR000760,MUPIROCIN OINTMENT 2% 5G TUBE,  960 ,Feb-28,,,,
DMR000791,"NYSTATIN 100,000 UNITS/ML, SUSPENSION 30ML BOTTLE",  59 ,Sep-28,,,,
DMR000835,"PARACETAMOL 100MG/ML DROPS, 15ML BOTTLE",  90 ,Jun-27,,,,
DMR000843,"PARACETAMOL 250MG/5ML SYRUP, 60ML BOTTLE",  48 ,Jun-27,,,,
DMR000891,PHENYTOIN SODIUM 100MG CAPSULE,  100 ,Jan-28,,,,
DMR000906,POTASSIUM CHLORIDE 750MG DURULES TABLET,"  12,250 ",Mar-28,,,,
DMR000988,"SILVER SULFADIAZINE CREAM 1% ,15G TUBE",  15 ,Apr-27,,,,
DMR000989,"SILVER SULFADIAZINE CREAM 1% ,25G TUBE",  50 ,Feb-27,,,,
DMR000989,"SILVER SULFADIAZINE CREAM 1% ,25G TUBE",  303 ,Oct-27,,,,
DMR000990,"SILVER SULFADIAZINE CREAM 1% ,500G JAR",  1 ,Mar-27,,,,
DMR001002,"SODIUM HYALURONATE OPHTHALMIC SOLUTION 0.1% (1MG/ML), 5ML BOTTLE","  1,205 ",Feb-29,,,,
DMR001051,"TOBRAMYCIN + DEXAMETHASONE EYE DROP SUSPENSION 0.3% + 0.1%, 5ML BOTTLE",  80 ,Feb-27,,,,
DMR001075,"TROPICAMIDE+ PHENYLEPHRINE HYDROCHLORIDE 5MG + 5MG/ML EYE DROPS FIXED DOSE COMBINATION, 10ML BOTTLE",  140 ,Jan-28,,,,
DMDON000944,"(DON) RABIES VACCINE,VERO CELL (PURIFIED) LYOPHILIZED POWDER 2.5 IU/ 0.5 ML, VIAL + DILUENT (ID,IM)",  100 ,Sep-27,,,,
DMDON000943,"(DON) VACCINE, RABIES (CHICK EMBRYO CELL) PURIFIED INACTIVATED 2.5 IU/ ML, 1 DOSE + 1 ML DILUENT VIAL ( WHO PRE-QUALIFIED)",  150 ,,,,,
DMR000067,AMPHOTERICIN B (LIPID COMPLEX) 50MG VIAL (IV INFUSION),  100 ,Aug-28,,,,
DMR000068,"AMPHOTERICIN B (NON-LIPID COMPLEX) 50MG LYOPHILIZED POWDER,VIAL (IV INFUSION)",  30 ,Mar-27,,,,
DMR000078,ANTI-TETANUS SERUM (EQUINE) 1500 IU/0.7ML SOLUTION FOR INJECTION AMPULE/VIAL (IM),"  12,800 ",,,,,
DMR000107,"ATRACURIUM BESILATE 10MG/ML, 2.5ML AMPULE (IV)",  260 ,Nov-26,,,,
DMR000123,BCG VACCINE 500MCG/ML VIAL + 1ML DILUENT IN AMPULE (ID) 20 DOSES,  100 ,Dec-27,,,,
DMR000126,"BERACTANT 25MG/ML SUSPENSION, 4ML VIAL (INTRATRACHEAL ADMINISTRATION)",  20 ,Feb-27,,,,
DMR000127,"BERACTANT 25MG/ML SUSPENSION, 8ML VIAL (INTRATRACHEAL ADMINISTRATION)",  30 ,Jul-27,,,,
DMR000136,"BIPHASIC ISOPHANE HUMAN INSULIN 70/30 (RECOMBINANT DNA) ,70% ISOPHANE SUSPENSION + 30% SOLUBLE INSULIN IN 100 IU/ML, 10ML VIAL (SC)","  1,900 ",May-28,,,,
DMR000193,"CARBOPROST 125MCG/ML, 0.5ML SOLUTION FOR INJECTION",  980 ,May-27,,,,
DMR000194,"CARBOPROST 250MCG/ML SOLUTION FOR INJECTION,1ML AMPULE/VIAL",  140 ,,,,,
DMR000413,"EPOETIN ALFA (RECOMBINANT HUMAN ERYTHROPOIETIN) 10,000 IU/ML, PRE-FILLED SYRINGE (IV,SC)",  205 ,Jan-28,,,,
DMR000415,"EPOETIN ALFA (RECOMBINANT HUMAN ERYTHROPOIETIN) 4,000 IU/0.4 ML, PRE‐FILLED SYRINGE (IV,SC)","  1,830 ",,wrong encode. It must be in 1 ml,,,
DMR000445,"FILGRASTIM (G-CSF) 300MCG/ML 0.5 ML SOLUTION FOR INJECTION IN PREFILLED SYRINGE (IV, SC)","  3,100 ",,,,,
DMR000448,"FILGRASTIM 300MCG, 0.9ML PRE FILLED SYRINGE, ",  5 ,Dec-27,,,,
DMR000526,HEPATITIS A INACTIVATED VACCINE VIRAL ANTIGEN NOT LESS THAN 1440 EU IN 1.0 ML MONODOSE VIAL (IM) (ADULT),  3 ,Sep-27,,,,
DMR000527,HEPATITIS B IMMUNOGLOBULIN (HUMAN) 0.5ML VIAL (IM),  90 ,Jan-27,,,,
DMR000528,HEPATITIS B VACCINE (RECOMBINANT DNA) 20 MICROGRAMS/ML MONODOSE VIAL (IM) ADULT,  50 ,Aug-28,,,,
DMR000529,HEPATITIS B VACCINE (RECOMBINANT DNA)10MCG/0.5ML MONODOSE VIAL (IM) (PEDIATRIC,  100 ,May-28,,,,
DMR001133,"IMMUNOGLOBULIN NORMAL, (IGIV) 50MG/ML, 200ML VIAL (IV)",  14 ,,,,,
DMR000559,"IMMUNOGLOBULIN NORMAL, (IGIV) 50MG/ML, 100ML VIAL (IV)",  40 ,May-28,,,,
DMR000563,"INFLUENZA POLYVALENT VACCINE 0.5ML, SUSPENSION FOR INJECTION ( VAXIGRIP TETRA PRE-FILED SYRINGE)","  1,370 ",Feb-27,,,,
DMR000600,"ISOPHANE INSULIN HUMAN (RECOMBINANT DNA) 100IU/ML, 10ML VIAL (SC)",  20 ,Jan-28,,,,
DMR000792,"OCTREOTIDE ACETATE 100MCG/ML, 1 ML AMPULE (IV INFUSION)",  110 ,Feb-28,,,,
DMR000943,"RABIES VACCINE,CHICK EMBRYO CELL (PURIFIED INACTIVATED) LYOPHILIZED POWDER, 2.5 IU/ML, 1 DOSE VIAL + 1 ML DILUENT (ID, IM)",  400 ,Apr-28,,,,
DMR000944,"RABIES VACCINE,VERO CELL (PURIFIED) LYOPHILIZED POWDER 2.5 IU/ 0.5 ML, VIAL + DILUENT (ID,IM)",  940 ,Jul-28,,,,
DMR000951,"REGULAR, INSULIN (RECOMBINANT DNA HUMAN) 100 IU/ML, 10ML VIAL (SC, IV/IM)",  40 ,Feb-28,,,,
DMR000971,"ROCURONIUM BROMIDE 10MG/ML, 5ML AMPULE/VIAL (IV)",  904 ,Mar-28,,,,
DMR001025,"SUXAMETHONIUM (SUCCINYLCHOLINE) CHLORIDE 20MG/ML, 10ML VIAL (IV)",  260 ,,,,,
DMR001026,"TAFLUPROST OPHTHALMIC SOLUTION 15MCG/ML, 0.3ML BOTTLE SINGLE DOSE",  47 ,,,,,
DMR001042,"TETANUS IMMUNOGLOBULIN (HUMAN) 250 IU/ML, 1ML AMPULE (IM)",  11 ,Sep-27,,,,
DMR001044,TETANUS TOXOID 0.5ML AMPULE (IM),"  25,680 ",Jul-27,,,,
DMR001106,"VASOPRESSIN 20IU/ML VIAL/AMPULE (IM, IV)",  110 ,Nov-27,,,,
DMR000070,"AMPICILLIN + SULBACTAM (500MG AMPICILLIN + 250MG SULBACTAM) VIAL (IM,IV)",  330 ,Sep-27,,,,
DMR000071,"AMPICILLIN SODIUM 1G VIAL (IM,IV)",  400 ,Apr-27,,,,
DMR000072,"AMPICILLIN SODIUM 250MG VIAL (IM,IV)",  280 ,Dec-28,,,,
DMR000520,"GLUCOSE (DEXTROSE) 50%, 50ML VIAL (IV)",  240 ,Jun-28,,,,
DMR000577,"IOPAMIDOL 755MG/ML EQUIV. TO 370 MG IODINE, 100 ML VIAL/BOTTLE",  10 ,,,,,
DMR000656,"LIDOCAINE SPRAY 10%, 50ML BOTTLE",  45 ,Jan-29,,,,
DMR000848,PENICILLIN G CRYSTALLINE SODIUM (BENZYLPENICILLIN) 1M UNITS VIAL (IM/IV),  110 ,Jul-27,,,,
DMR000849,"PENICILLIN G CRYSTALLINE SODIUM 5M UNITS VIAL (IM,IV)",  290 ,Jan-27,,,,
DMDON000719,"(DON) (ACTU USE ONLY) METOCLOPRAMIDE HYDROCHLORIDE 5MG/ML, 2ML AMPULE (IM, IV)","  1,750 ",Nov-27,,,,
DMDON000382,"(DON) (ACTU USE) DOCETAXEL 20MG/0.5ML (40MG/ML),1ML CONCENTRATE FOR SOLUTION FOR INFUSION (AS TRIHYDRATE) ",  230 ,Feb-28,,,,
DMDON000804,"(DON) (FOR ACTU USE ONLY) ONDANSETRON 2MG/ML, 4ML AMPULE (IM,IV)","  1,595 ",Jun-28,,,,
DMDON000329,"(DON) CYTARABINE 100MG/ML, 5ML VIAL CSPMAP",  100 ,Nov-27,,,,
DMDON000383,"(DON) DOCETAXEL 40MG/ML (80MG/2ML), 2ML CONCENTRATE FOR SOLUTION FOR IV INFUSION ",  330 ,Aug-26,,,,
DMDON000393,(DON) DOXORUBICIN 50MG VIAL,  2 ,May-27,,,,
DMDON000815,(DON) OXALIPLATIN 5 MG/ML CONCENTRATE SOLUTION 10 ML VIAL (IV INFUSION),  90 ,Aug-27,,,,
DMDON000830,"(DON) PACLITAXEL 6MG/ML, 25ML VIAL (IV, IV INFUSION)",  150 ,Jan-29,,,,
DMCSP000012,(DONCSP)CAPECITABINE 500MG TABLET,"  11,040 ",Jul-27,,,,
DMCSP000014,"(DONCSP) CARBOPLATIN 10MG/ML, 15 ML VIAL (IV)",  14 ,May-27,,,,
DMCSP000011,(DONCSP) LETROZOLE 2.5MG TABLET/FILM-COATED TABLET ,"  43,320 ",Jun-27,,,,
DMCSP000005,"(DONCSP) ONDANSETRON 2MG/ML, 4ML AMPULE (IM,IV) ","  6,350 ",Jun-28,,,,
DMCSP000010,(DONCSP) TAMOXIFEN 20MG TABLET,"  13,140 ",Aug-27,,,,
DMDON000390,(DON) DOXORUBICIN HCL 10MG VIAL (DOANTION)-CSPMAP,  10 ,,,,,
DMDON000967,"(DON) RITUXIMAB 10MG/ML, 10 ML VIAL (IV)",  10 ,Jul-27,,,,
DMDON000968,"(DON) RITUXIMAB 10MG/ML, 50 ML VIAL (IV)",  54 ,Jan-27,,,,
DMCSP000008,"(DONCSP) FILGRASTIM 300MCG/0.9ML SOLUTION (IV,SC), 0.9ML PRE-FILLED SYRINGE",  45 ,,,,,
DMR000392,DOXORUBICIN HYDROCHLORIDE POWDER 50MG VIAL (IV),  470 ,,,,,
DMR000967,"RITUXIMAB 10MG/ML, 10 ML VIAL (IV)",  50 ,Apr-27,,,,
DMR000968,"RITUXIMAB 10MG/ML, 50 ML VIAL (IV)",  124 ,,,,,
DMR001071,TRASTUZUMAB 150 MG LYOPHILIZED POWDER (IV INFUSION) VIAL,  184 ,Sep-29,,,,
DMR001072,"TRASTUZUMAB 600MG/5ML (120MG/ML) SOLUTION FOR INJECTION, 5ML VIAL",  757 ,,,,,
DMR000037,"ALBUMIN, HUMAN 25% 50ML BOTTLE (IV, IV INFUSION)",  30 ,Feb-27,,,,
DMR000166,CALCIUM CARBONATE 500MG TABLET/CHEWABLE TABLET,"  15,000 ",Sep-28,,,,
DMR000248,CHLORHEXIDINE GLUCONATE 4% SOLUTION 500 ML BOTTLE,  25 ,Aug-27,,,,
DMR000441,FERROUS SULFATE + FOLIC ACID 60 MG ELEMENTAL IRON + 400 MICROGRAM FOLIC ACID PER TABLET/CAPSULE/FILM COATED TABLET,"  10,000 ",,,,,
DMR000572,"IOHEXOL 300MG IODINE/ML, 50 ML VIAL",  108 ,,,,,
DMR000681,"MAGNESIUM SULFATE HEPTAHYDRATE 250MG/ML, 20ML VIAL (IV)",  540 ,,,,,
DMDON000558,(DON) IMATINIB (as mesylate) 400MG TABLET ,  300 ,,,,,
DMDON000631,(DON) LEUPRORELINE ACETATE 3.75MG PRE-FILLED SYRINGE ,  30 ,,,,,
DMDON000829,"(DON) PACLITAXEL 6MG/ML(100MG/16.7ML), 20ML VIAL",  250 ,,,,,
DMCSP000003,(DONCSP) ANASTRAZOLE 1MG FILM COATED TABLET,"  6,720 ",,,,,
DMR000326,CYCLOPHOSPHAMIDE POWDER 500MG VIAL (IV),"  1,500 ",,,,,
DMR000329,"CYTARABINE 100MG/ML SOLUTION FOR INJECTION, 5ML VIAL/AMPULE",  144 ,,,,,
DMR000804,"ONDANSETRON 2MG/ML, 4ML AMPULE (IM,IV)",  850 ,,,,,
DMR000816,OXALIPLATIN POWDER 50MG VIAL (IV INFUSION),"  1,283 ",,,,,
DMR000829,"PACLITAXEL 6MG/ML(100MG/16.7ML), 20ML VIAL","  1,160 ",Nov-27,,,,
DMR000416,"EPOETIN ALFA (RECOMBINANT HUMAN ERYTHROPOIETIN) 4000IU/ML SOLUTION FOR INJECTION, 1ML PREFILLED SYRINGE (IV, SC)",  800 ,Mar-28,,,,
DMR000560,"IMMUNOGLOBULIN NORMAL, HUMAN (IGIV) 50MG/ML, 50ML VIAL (IV)",  180 ,,,,,